"actual","forecast","APE","model_form"
7.1,11.895045429629,0.675358511215353,"BATS(0, {2,4}, -, -)"
6.6,14.1182039417274,1.13912180935263,"BATS(0, {2,4}, -, -)"
