"","coef","se"
"ma1",0.11761503830876,0.0429924449223715
