"","coef","se","tvalue"
"ma1",0.125914020523296,0.0425446458931938,2.95957382838247
