"actual","forecast","APE","model_form"
7.6,10.9071959564416,0.435157362689678,"ETS(A,Ad,N)"
7.1,12.3500455935776,0.739443041348957,"ETS(A,Ad,N)"
6.6,13.5202232764188,1.04851867824527,"ETS(A,Ad,N)"
