"","coef","se","tvalue"
"ma1",0.12739857716805,0.042385274554078,3.00572730761733
