"actual","forecast","APE","model_form"
7.1,7.76660326206614,0.0938877833895974,"ETS(A,Ad,N)"
6.6,7.86115572910141,0.191084201379002,"ETS(A,Ad,N)"
