"actual","forecast","APE","model_form"
64541,65280.0069575118,0.0114501937917265,"ETS(A,N,N)"
62909,65280.0069575118,0.0376894714192217,"ETS(A,N,N)"
