"","coef","se","tvalue"
"ma1",0.127398574659826,0.0423852737316059,3.00572730676569
